session_id,user_id,login_time,logout_time
Sfadf75,U0001,2025-06-05 19:17:28,2025-06-05 19:23:28
Se69a40,U0038,2025-06-15 04:58:28,2025-06-15 05:09:28
S2d231e,U0057,2025-06-02 18:18:04,2025-06-02 18:36:04
S45735c,U0064,2025-06-22 14:17:45,2025-06-22 15:04:45
S05a4b0,U0007,2025-07-13 09:33:06,2025-07-13 09:59:06
S30e611,U0075,2025-06-19 14:33:43,2025-06-19 15:20:43
S980de4,U0041,2025-06-06 08:29:50,2025-06-06 09:16:50
S9976ea,U0030,2025-05-24 19:18:34,2025-05-24 20:14:34
S86ddb9,U0046,2025-06-10 16:43:44,2025-06-10 16:50:44
Sa18f1d,U0091,2025-06-14 04:52:43,2025-06-14 04:57:43
S88023c,U0003,2025-06-12 00:08:00,2025-06-12 00:14:00
S7d339b,U0014,2025-06-12 08:18:26,2025-06-12 09:02:26
Sf438cf,U0058,2025-05-30 01:08:24,2025-05-30 01:45:24
Saf1d6a,U0006,2025-06-02 04:25:25,2025-06-02 04:52:25
S5bb0e9,U0003,2025-07-10 11:23:19,2025-07-10 11:36:19
Sf37465,U0059,2025-05-18 12:24:10,2025-05-18 13:04:10
S1db5af,U0055,2025-05-30 02:25:54,2025-05-30 02:46:54
Sd742ca,U0053,2025-05-22 20:49:21,2025-05-22 21:14:21
Sbd912b,U0060,2025-06-06 17:31:31,2025-06-06 17:53:31
Sab572d,U0016,2025-05-19 04:45:30,2025-05-19 05:27:30
S5fc582,U0003,2025-07-11 23:22:49,2025-07-11 23:30:49
S889117,U0005,2025-06-04 23:43:06,2025-06-05 00:00:06
Sdf3bf8,U0001,2025-05-18 07:21:03,2025-05-18 08:00:03
Sd75de5,U0050,2025-05-29 23:19:19,2025-05-29 23:42:19
S037ed9,U0056,2025-05-30 09:52:42,2025-05-30 10:32:42
S00f7d6,U0086,2025-05-19 00:48:28,2025-05-19 01:08:28
S3c62f9,U0058,2025-05-31 03:13:38,2025-05-31 03:18:38
S45bcc9,U0054,2025-07-10 11:31:01,2025-07-10 12:25:01
S143b5b,U0030,2025-07-14 01:04:51,2025-07-14 01:48:51
Sbf500c,U0097,2025-07-13 04:30:01,2025-07-13 04:39:01
Sd9fe48,U0091,2025-06-12 15:40:29,2025-06-12 16:19:29
Sae7c00,U0042,2025-06-22 17:12:27,2025-06-22 17:36:27
Sab512c,U0056,2025-06-09 18:06:39,2025-06-09 19:04:39
S3e25e2,U0001,2025-06-27 20:23:06,2025-06-27 20:58:06
S4eb18b,U0014,2025-06-07 20:44:57,2025-06-07 21:31:57
Sed271e,U0041,2025-06-22 08:45:33,2025-06-22 09:15:33
S34ac7a,U0055,2025-06-12 14:09:26,2025-06-12 14:50:26
S3495e2,U0017,2025-06-28 15:06:12,2025-06-28 15:34:12
S9e6706,U0093,2025-07-05 06:04:06,2025-07-05 06:34:06
S0c8ea7,U0052,2025-06-17 11:05:03,2025-06-17 11:52:03
S16bb0f,U0050,2025-06-30 14:45:12,2025-06-30 14:54:12
Sfd6242,U0059,2025-06-18 11:20:20,2025-06-18 11:37:20
Sb9a725,U0064,2025-06-17 01:28:43,2025-06-17 02:27:43
S85d5eb,U0056,2025-07-11 01:34:44,2025-07-11 02:03:44
Sb31f2a,U0078,2025-05-15 19:04:37,2025-05-15 19:53:37
S63f181,U0023,2025-05-25 02:56:01,2025-05-25 03:06:01
S9e00cc,U0048,2025-05-19 03:53:27,2025-05-19 04:43:27
S899e17,U0065,2025-06-30 01:07:21,2025-06-30 02:07:21
Se82400,U0002,2025-06-05 10:57:10,2025-06-05 11:51:10
Sbb4361,U0016,2025-06-30 00:21:33,2025-06-30 00:29:33
Sd83fcd,U0047,2025-05-30 09:02:02,2025-05-30 09:15:02
Sb5f18e,U0083,2025-05-27 03:01:44,2025-05-27 03:08:44
S7302d2,U0050,2025-05-21 19:19:48,2025-05-21 19:42:48
S63a31a,U0075,2025-06-26 19:32:39,2025-06-26 20:29:39
Se19177,U0051,2025-06-18 03:33:42,2025-06-18 04:15:42
S293914,U0077,2025-07-10 16:19:25,2025-07-10 16:33:25
S2d6b38,U0012,2025-06-14 10:44:00,2025-06-14 11:04:00
S008afc,U0055,2025-06-24 04:52:13,2025-06-24 05:04:13
Sf14204,U0026,2025-05-30 02:52:05,2025-05-30 03:26:05
Sfee19c,U0001,2025-07-03 15:37:07,2025-07-03 16:08:07
S369266,U0017,2025-05-23 03:07:35,2025-05-23 03:51:35
Se04b75,U0076,2025-05-28 03:28:53,2025-05-28 04:11:53
Sb48262,U0078,2025-07-12 06:36:19,2025-07-12 07:34:19
S60088f,U0044,2025-07-12 18:53:03,2025-07-12 19:36:03
S22d737,U0092,2025-05-28 09:40:34,2025-05-28 10:22:34
Sbd1e64,U0018,2025-06-11 19:30:50,2025-06-11 20:10:50
S63fb75,U0062,2025-05-26 04:35:31,2025-05-26 05:23:31
S1c7ba4,U0001,2025-06-07 03:17:48,2025-06-07 03:38:48
S167e12,U0098,2025-05-21 03:31:59,2025-05-21 03:53:59
S0825a1,U0053,2025-05-18 14:15:36,2025-05-18 14:46:36
S50aa52,U0009,2025-06-21 09:08:04,2025-06-21 10:02:04
S213077,U0091,2025-07-03 01:11:51,2025-07-03 01:28:51
Sa513df,U0011,2025-06-15 20:45:44,2025-06-15 21:21:44
S136011,U0062,2025-06-07 23:40:03,2025-06-08 00:17:03
Sdacba9,U0049,2025-05-22 04:30:11,2025-05-22 04:55:11
S8431e6,U0087,2025-05-20 14:03:06,2025-05-20 15:01:06
S9d0371,U0086,2025-07-14 00:23:20,2025-07-14 01:14:20
S74a921,U0061,2025-05-19 20:20:54,2025-05-19 20:26:54
S37dd16,U0051,2025-06-18 22:37:05,2025-06-18 23:16:05
Se7f5e7,U0041,2025-05-30 09:10:01,2025-05-30 09:32:01
Sdaf50f,U0086,2025-05-22 15:32:32,2025-05-22 15:53:32
S85f018,U0027,2025-05-21 20:53:42,2025-05-21 21:19:42
Sa84350,U0097,2025-06-03 13:50:04,2025-06-03 14:22:04
Sd49779,U0050,2025-06-29 03:11:20,2025-06-29 03:38:20
S015c9f,U0016,2025-05-15 19:23:19,2025-05-15 19:43:19
S960c37,U0033,2025-06-12 04:28:14,2025-06-12 05:16:14
Sa3dc23,U0030,2025-06-17 18:43:29,2025-06-17 19:02:29
S1a81b5,U0037,2025-06-15 23:11:16,2025-06-15 23:31:16
Se1c6f1,U0087,2025-06-17 10:07:04,2025-06-17 11:07:04
S4ae916,U0091,2025-06-10 00:36:12,2025-06-10 01:13:12
S3fc842,U0014,2025-07-05 07:47:46,2025-07-05 08:32:46
S861b77,U0049,2025-05-22 09:00:49,2025-05-22 09:08:49
S9be3ab,U0024,2025-05-24 20:28:34,2025-05-24 21:14:34
Scc422b,U0037,2025-07-12 22:20:01,2025-07-12 22:46:01
Sf7b308,U0074,2025-07-14 05:30:59,2025-07-14 06:07:59
Secc667,U0017,2025-07-01 21:37:47,2025-07-01 22:24:47
S10e03c,U0094,2025-05-21 14:51:25,2025-05-21 15:21:25
S158cb8,U0090,2025-06-11 13:37:23,2025-06-11 13:46:23
S1bda80,U0041,2025-07-09 19:18:47,2025-07-09 19:35:47
S0bdd1e,U0018,2025-07-05 10:31:12,2025-07-05 11:31:12
S57360a,U0097,2025-07-05 12:28:14,2025-07-05 13:14:14
Seeebd4,U0058,2025-06-03 06:08:53,2025-06-03 06:46:53
S08d6e5,U0082,2025-05-18 19:33:21,2025-05-18 19:46:21
S7393f8,U0066,2025-05-17 05:33:33,2025-05-17 06:16:33
Sf35daf,U0019,2025-06-30 17:01:04,2025-06-30 17:24:04
S013f7a,U0045,2025-07-09 18:51:41,2025-07-09 19:00:41
S3db1f0,U0075,2025-05-24 12:12:25,2025-05-24 12:58:25
S8487cd,U0084,2025-06-17 23:46:48,2025-06-18 00:41:48
Sf85784,U0096,2025-07-06 09:12:31,2025-07-06 10:07:31
S1df868,U0052,2025-06-07 12:31:45,2025-06-07 12:58:45
S0e531c,U0029,2025-06-10 19:53:20,2025-06-10 20:21:20
S3b600a,U0028,2025-06-04 09:38:55,2025-06-04 09:57:55
S30b7bb,U0082,2025-05-29 03:13:44,2025-05-29 03:35:44
S05e433,U0074,2025-05-30 13:55:42,2025-05-30 14:07:42
S059c58,U0046,2025-07-14 03:24:22,2025-07-14 04:12:22
S8882a1,U0034,2025-05-20 10:55:41,2025-05-20 11:21:41
S02bae1,U0017,2025-07-14 19:07:51,2025-07-14 19:17:51
S907970,U0021,2025-07-14 12:08:49,2025-07-14 12:54:49
Sae9cfd,U0084,2025-05-28 05:47:24,2025-05-28 06:10:24
S9a021c,U0045,2025-06-16 15:46:17,2025-06-16 15:58:17
S4c7f54,U0033,2025-06-18 10:39:27,2025-06-18 11:37:27
S43ba29,U0064,2025-06-17 10:09:20,2025-06-17 10:28:20
S3f2f7a,U0067,2025-05-22 06:49:57,2025-05-22 07:49:57
S45bdde,U0070,2025-06-25 01:52:04,2025-06-25 01:57:04
S104510,U0033,2025-05-24 01:03:08,2025-05-24 01:11:08
S66ddcb,U0021,2025-05-21 21:03:28,2025-05-21 21:19:28
Sc6c082,U0009,2025-07-06 01:25:43,2025-07-06 01:56:43
S7fe4f7,U0018,2025-07-03 22:29:57,2025-07-03 23:28:57
Sbfafa0,U0019,2025-06-21 22:31:15,2025-06-21 23:05:15
S141c37,U0058,2025-06-26 20:52:00,2025-06-26 20:59:00
Sa21513,U0047,2025-06-15 22:45:58,2025-06-15 23:44:58
Sc3ae45,U0008,2025-05-20 13:13:56,2025-05-20 13:41:56
S389919,U0075,2025-06-07 18:25:14,2025-06-07 18:47:14
S4e1adb,U0003,2025-06-24 04:40:23,2025-06-24 04:56:23
Sf54c28,U0037,2025-06-22 15:41:55,2025-06-22 16:18:55
S6f328f,U0067,2025-05-23 15:42:49,2025-05-23 16:28:49
Sf83bd8,U0018,2025-05-17 19:40:06,2025-05-17 20:39:06
Sc5e384,U0054,2025-06-17 21:31:58,2025-06-17 21:46:58
S657348,U0025,2025-07-06 02:39:20,2025-07-06 02:56:20
S5c1398,U0056,2025-07-02 01:53:58,2025-07-02 02:48:58
S0576b8,U0029,2025-07-03 15:22:20,2025-07-03 16:12:20
S30bcb1,U0054,2025-06-05 04:31:28,2025-06-05 04:59:28
Se509ad,U0079,2025-07-14 14:18:27,2025-07-14 14:47:27
Sdce263,U0061,2025-07-13 01:14:09,2025-07-13 01:28:09
S9db36a,U0005,2025-06-03 13:39:45,2025-06-03 14:32:45
S8801fa,U0080,2025-05-26 14:53:27,2025-05-26 15:36:27
Sef51c0,U0031,2025-06-09 16:58:53,2025-06-09 17:07:53
Sce6ff6,U0020,2025-07-14 09:34:00,2025-07-14 09:56:00
Scef840,U0039,2025-07-06 02:18:14,2025-07-06 02:24:14
S0acb23,U0049,2025-07-04 17:16:25,2025-07-04 17:21:25
S702c74,U0044,2025-07-09 20:07:17,2025-07-09 20:56:17
Sa96c3c,U0073,2025-06-24 20:45:28,2025-06-24 20:58:28
S41e4c8,U0087,2025-07-08 19:57:38,2025-07-08 20:09:38
S33aec3,U0094,2025-06-16 09:03:59,2025-06-16 09:20:59
Scbd927,U0082,2025-07-11 00:34:20,2025-07-11 01:33:20
S7fa941,U0019,2025-06-06 20:03:20,2025-06-06 20:41:20
Sb290b6,U0036,2025-06-12 12:27:56,2025-06-12 13:14:56
Sefdee5,U0074,2025-06-12 22:11:42,2025-06-12 22:20:42
Sdb2bae,U0072,2025-05-28 14:29:37,2025-05-28 14:51:37
S7dcf9a,U0093,2025-07-09 23:40:40,2025-07-09 23:48:40
S57fb2c,U0050,2025-06-10 00:53:36,2025-06-10 01:02:36
Sb55c94,U0002,2025-06-14 10:49:45,2025-06-14 11:15:45
S816bef,U0040,2025-07-01 07:42:39,2025-07-01 08:09:39
Sdc6b59,U0085,2025-06-18 09:49:45,2025-06-18 10:00:45
S2c4f3f,U0055,2025-05-28 22:40:41,2025-05-28 22:59:41
S9c93c3,U0003,2025-06-21 07:43:18,2025-06-21 07:59:18
S528447,U0043,2025-06-27 15:22:48,2025-06-27 15:57:48
S28ac8a,U0006,2025-06-18 18:30:23,2025-06-18 18:56:23
S9851b9,U0005,2025-06-10 16:40:33,2025-06-10 17:16:33
Sdb67f8,U0089,2025-05-20 08:38:46,2025-05-20 09:06:46
S1f9f36,U0019,2025-06-01 09:40:59,2025-06-01 10:07:59
S421a81,U0064,2025-06-03 14:10:57,2025-06-03 14:37:57
Se4fa3e,U0050,2025-07-08 05:27:03,2025-07-08 05:50:03
S8f39df,U0043,2025-06-15 12:59:00,2025-06-15 13:24:00
Seff249,U0084,2025-06-03 07:15:32,2025-06-03 07:41:32
S36bd86,U0090,2025-06-27 13:55:39,2025-06-27 14:24:39
Sbb192e,U0091,2025-06-01 09:22:11,2025-06-01 09:58:11
S22c304,U0068,2025-06-13 11:46:05,2025-06-13 12:15:05
S41a277,U0035,2025-06-04 07:31:39,2025-06-04 08:00:39
Sf150bb,U0028,2025-06-26 10:48:05,2025-06-26 11:18:05
S603baa,U0003,2025-07-03 02:16:34,2025-07-03 03:10:34
S7a427e,U0094,2025-06-15 07:50:41,2025-06-15 08:28:41
S21e3e8,U0067,2025-06-13 10:12:38,2025-06-13 10:52:38
S940b27,U0009,2025-07-09 12:32:27,2025-07-09 12:48:27
S8107da,U0062,2025-06-14 11:05:43,2025-06-14 11:55:43
S966ef4,U0048,2025-07-10 22:33:31,2025-07-10 23:25:31
S1b8a8b,U0004,2025-05-16 05:04:04,2025-05-16 05:26:04
Sa55c16,U0063,2025-06-03 03:19:03,2025-06-03 04:14:03
S307493,U0009,2025-05-19 14:17:35,2025-05-19 15:04:35
Sd217b6,U0039,2025-07-04 10:27:48,2025-07-04 10:54:48
S9d91ba,U0099,2025-05-21 17:11:41,2025-05-21 17:26:41
Safe0dc,U0030,2025-06-01 07:16:55,2025-06-01 07:39:55
Sc1d924,U0100,2025-06-27 00:36:57,2025-06-27 01:00:57
Sc3515e,U0071,2025-05-21 17:35:16,2025-05-21 17:45:16
S2f53d6,U0057,2025-06-18 22:39:24,2025-06-18 22:53:24
Sd6a02f,U0057,2025-06-27 17:18:48,2025-06-27 18:12:48
S8dd048,U0065,2025-05-20 22:54:22,2025-05-20 23:00:22
Sddb9e8,U0055,2025-05-22 11:14:58,2025-05-22 12:08:58
Saf0832,U0055,2025-05-24 09:29:31,2025-05-24 10:11:31
S73f838,U0060,2025-06-25 05:42:34,2025-06-25 05:52:34
S448892,U0027,2025-07-13 10:02:40,2025-07-13 10:19:40
Sb5f284,U0069,2025-05-27 23:42:38,2025-05-28 00:17:38
S70885b,U0039,2025-05-20 13:12:25,2025-05-20 14:01:25
Sdc71a7,U0071,2025-06-16 01:59:23,2025-06-16 02:56:23
S5a9747,U0003,2025-06-16 01:36:57,2025-06-16 02:00:57
S08b6fa,U0049,2025-05-27 15:58:31,2025-05-27 16:20:31
S03f715,U0035,2025-07-08 10:20:35,2025-07-08 10:35:35
S09171d,U0032,2025-05-30 14:27:49,2025-05-30 14:43:49
Sb638c8,U0032,2025-06-23 08:52:43,2025-06-23 09:46:43
Sd02b9e,U0048,2025-06-18 08:06:30,2025-06-18 08:54:30
Sd9f938,U0007,2025-07-14 03:52:43,2025-07-14 03:57:43
Sddb200,U0054,2025-07-06 04:54:45,2025-07-06 05:52:45
S8211c3,U0009,2025-06-22 10:53:43,2025-06-22 11:53:43
Sfaaeaa,U0064,2025-05-27 11:28:10,2025-05-27 12:21:10
Sd6344b,U0052,2025-05-24 01:10:31,2025-05-24 01:33:31
S476683,U0049,2025-07-15 04:05:02,2025-07-15 04:37:02
Sa0841e,U0098,2025-07-03 15:33:08,2025-07-03 15:54:08
S527c79,U0006,2025-06-28 09:49:28,2025-06-28 10:40:28
S103620,U0044,2025-07-01 02:29:57,2025-07-01 02:53:57
S652133,U0083,2025-05-15 16:41:36,2025-05-15 16:56:36
S9f4d12,U0082,2025-06-20 18:55:49,2025-06-20 19:16:49
Se44550,U0072,2025-05-30 13:16:06,2025-05-30 13:39:06
S2b7e0b,U0036,2025-07-08 00:55:16,2025-07-08 01:00:16
S6bd0ce,U0093,2025-07-07 21:32:27,2025-07-07 22:26:27
S557d99,U0057,2025-05-27 20:05:43,2025-05-27 20:26:43
S722ed8,U0068,2025-05-18 02:48:41,2025-05-18 02:57:41
S044bc2,U0076,2025-06-02 16:42:19,2025-06-02 16:59:19
Sb8e860,U0068,2025-06-03 11:50:30,2025-06-03 12:33:30
S8215ae,U0099,2025-06-03 15:08:43,2025-06-03 15:26:43
S2b68f8,U0099,2025-06-15 11:10:31,2025-06-15 11:41:31
Sb714b6,U0091,2025-07-09 11:02:51,2025-07-09 12:00:51
S9f87a7,U0047,2025-05-30 16:31:26,2025-05-30 16:59:26
S4d5284,U0036,2025-06-09 04:31:24,2025-06-09 05:27:24
Saa7f7b,U0027,2025-07-08 02:03:18,2025-07-08 02:17:18
S73a862,U0040,2025-06-14 11:24:54,2025-06-14 12:19:54
Sebf021,U0065,2025-06-07 10:38:48,2025-06-07 11:37:48
S23e370,U0031,2025-06-11 22:50:24,2025-06-11 23:39:24
S4dea11,U0063,2025-06-22 12:15:13,2025-06-22 12:31:13
S3d8a7f,U0008,2025-06-23 06:24:36,2025-06-23 06:39:36
S77b555,U0055,2025-06-21 09:03:54,2025-06-21 09:45:54
S8929b0,U0099,2025-06-14 14:14:07,2025-06-14 14:57:07
S3e8c6a,U0045,2025-07-12 12:02:46,2025-07-12 12:56:46
Sefe888,U0095,2025-05-21 15:05:23,2025-05-21 15:25:23
Sda8ba7,U0078,2025-06-29 16:19:24,2025-06-29 17:11:24
S2872b6,U0074,2025-05-23 12:43:37,2025-05-23 13:16:37
S87bf97,U0057,2025-05-16 17:21:35,2025-05-16 17:28:35
Sf7b8ac,U0026,2025-06-26 01:25:52,2025-06-26 02:12:52
S20017f,U0011,2025-07-09 08:08:24,2025-07-09 08:47:24
S4bcada,U0004,2025-06-12 14:31:47,2025-06-12 15:23:47
S79d32c,U0048,2025-07-03 23:38:43,2025-07-04 00:03:43
Sc6ec4b,U0094,2025-05-18 22:16:55,2025-05-18 22:45:55
S145527,U0057,2025-06-18 02:00:03,2025-06-18 02:24:03
S45ad2e,U0002,2025-06-21 23:02:14,2025-06-21 23:54:14
S342f63,U0097,2025-05-20 09:14:40,2025-05-20 10:01:40
Se4e37f,U0044,2025-06-26 14:13:44,2025-06-26 14:32:44
Sf1709b,U0082,2025-05-26 02:51:08,2025-05-26 03:19:08
Saa87b8,U0007,2025-07-02 19:54:21,2025-07-02 20:14:21
S70e831,U0065,2025-05-20 01:45:00,2025-05-20 02:34:00
Sdfd25b,U0071,2025-06-14 09:29:31,2025-06-14 09:51:31
Sab5953,U0074,2025-05-22 00:10:21,2025-05-22 00:44:21
Sdb690e,U0048,2025-06-08 01:44:11,2025-06-08 02:27:11
S342d76,U0067,2025-06-06 14:06:22,2025-06-06 14:53:22
S8c4efe,U0093,2025-05-23 08:42:47,2025-05-23 09:05:47
Scd5157,U0036,2025-06-24 05:27:03,2025-06-24 05:43:03
S6657a8,U0079,2025-07-03 04:58:15,2025-07-03 05:16:15
S0049b6,U0038,2025-05-15 20:42:27,2025-05-15 21:24:27
S4b7d98,U0037,2025-06-06 21:57:03,2025-06-06 22:56:03
S507cbe,U0024,2025-06-05 07:17:32,2025-06-05 07:42:32
S4e2c3f,U0053,2025-07-01 09:08:34,2025-07-01 09:29:34
S6470ae,U0085,2025-06-02 15:22:19,2025-06-02 16:09:19
Safb69c,U0017,2025-07-03 07:39:47,2025-07-03 07:53:47
Sbca7a6,U0027,2025-06-29 19:29:02,2025-06-29 19:40:02
S7e2563,U0052,2025-06-04 19:08:01,2025-06-04 19:35:01
S9307f3,U0098,2025-05-17 03:27:05,2025-05-17 03:37:05
S327952,U0067,2025-06-15 17:04:57,2025-06-15 17:36:57
Sc5490f,U0075,2025-05-26 19:18:55,2025-05-26 19:40:55
S257b05,U0046,2025-06-28 23:52:06,2025-06-29 00:52:06
Sef115e,U0028,2025-06-13 11:30:21,2025-06-13 12:25:21
Sbb4fe1,U0088,2025-05-23 23:16:51,2025-05-23 23:41:51
Sc320d0,U0076,2025-07-01 15:56:10,2025-07-01 16:50:10
S82ecfc,U0028,2025-06-18 19:19:17,2025-06-18 19:56:17
S988112,U0014,2025-06-18 07:40:01,2025-06-18 08:32:01
Sedd3b9,U0052,2025-06-06 15:52:58,2025-06-06 16:05:58
S237ba3,U0067,2025-07-01 07:16:18,2025-07-01 07:22:18
Sd79cd2,U0001,2025-06-30 02:03:12,2025-06-30 02:44:12
Sf48ff4,U0073,2025-06-04 18:06:34,2025-06-04 18:16:34
S933bdb,U0023,2025-05-22 18:56:49,2025-05-22 19:19:49
Scd4e91,U0008,2025-06-24 09:30:16,2025-06-24 09:43:16
S09c70e,U0010,2025-05-18 03:54:30,2025-05-18 04:45:30
Sde4acb,U0062,2025-05-20 20:37:41,2025-05-20 21:02:41
S7584ae,U0037,2025-07-07 00:46:58,2025-07-07 01:30:58
S6af9a1,U0011,2025-06-10 01:04:54,2025-06-10 01:24:54
S95b4c3,U0025,2025-05-27 16:16:32,2025-05-27 17:08:32
S3dc57d,U0051,2025-06-04 06:57:41,2025-06-04 07:46:41
S9b2fa2,U0019,2025-05-25 19:57:09,2025-05-25 20:26:09
S8138a2,U0099,2025-07-06 05:26:25,2025-07-06 05:39:25
S604735,U0065,2025-07-09 00:23:41,2025-07-09 00:40:41
S16426f,U0089,2025-05-24 10:08:29,2025-05-24 11:08:29
S09dba8,U0076,2025-07-10 03:20:07,2025-07-10 04:14:07
Sd7166c,U0057,2025-05-22 19:37:56,2025-05-22 20:26:56
